direction_path,depth,name,source_url,verification
opory-osvescheniya,3,Граненые силовые опоры,https://dekart.tech/shop/opory-osvescheniya/silovye/granenye/,требует проверки УЗМ
opory-osvescheniya,4,МС,https://dekart.tech/shop/opory-osvescheniya/silovye/granenye/ms/,требует проверки УЗМ
opory-osvescheniya,4,МСО-ПГ,https://dekart.tech/shop/opory-osvescheniya/silovye/granenye/mso-pg/,требует проверки УЗМ
opory-osvescheniya,4,МСО-ФГ,https://dekart.tech/shop/opory-osvescheniya/silovye/granenye/mso-fg/,требует проверки УЗМ
opory-osvescheniya,4,ОГКСф,https://dekart.tech/shop/opory-osvescheniya/silovye/granenye/ogksf/,требует проверки УЗМ
opory-osvescheniya,4,ОГС,https://dekart.tech/shop/opory-osvescheniya/silovye/granenye/ogs/,требует проверки УЗМ
opory-osvescheniya,4,ОГСп,https://dekart.tech/shop/opory-osvescheniya/silovye/granenye/ogsp/,требует проверки УЗМ
opory-osvescheniya,4,ОГСф,https://dekart.tech/shop/opory-osvescheniya/silovye/granenye/ogsf/,требует проверки УЗМ
opory-osvescheniya,4,ОГУ,https://dekart.tech/shop/opory-osvescheniya/silovye/granenye/ogu/,требует проверки УЗМ
opory-osvescheniya,4,ОМОС,https://dekart.tech/shop/opory-osvescheniya/silovye/granenye/omos/,требует проверки УЗМ
opory-osvescheniya,4,ОСГК,https://dekart.tech/shop/opory-osvescheniya/silovye/granenye/osgk/,требует проверки УЗМ
opory-osvescheniya,4,ОСГКп,https://dekart.tech/shop/opory-osvescheniya/silovye/granenye/osgkp/,требует проверки УЗМ
opory-osvescheniya,4,ОСп,https://dekart.tech/shop/opory-osvescheniya/silovye/granenye/osp/,требует проверки УЗМ
opory-osvescheniya,4,ОСф,https://dekart.tech/shop/opory-osvescheniya/silovye/granenye/osf/,требует проверки УЗМ
opory-osvescheniya,4,СГ-П,https://dekart.tech/shop/opory-osvescheniya/silovye/granenye/sg-p/,требует проверки УЗМ
opory-osvescheniya,4,СГ-Ф,https://dekart.tech/shop/opory-osvescheniya/silovye/granenye/sg-f/,требует проверки УЗМ
opory-osvescheniya,4,СМО,https://dekart.tech/shop/opory-osvescheniya/silovye/granenye/smo/,требует проверки УЗМ
opory-osvescheniya,4,СПГ,https://dekart.tech/shop/opory-osvescheniya/silovye/granenye/spg/,требует проверки УЗМ
opory-osvescheniya,4,СФГ,https://dekart.tech/shop/opory-osvescheniya/silovye/granenye/sfg/,требует проверки УЗМ
opory-osvescheniya,4,ТАНС (СПГ),https://dekart.tech/shop/opory-osvescheniya/silovye/granenye/tans-spg/,требует проверки УЗМ
opory-osvescheniya,4,ТАНС (СФГ),https://dekart.tech/shop/opory-osvescheniya/silovye/granenye/tans-sfg/,требует проверки УЗМ
opory-osvescheniya,4,Ясень,https://dekart.tech/shop/opory-osvescheniya/silovye/granenye/yasen/,требует проверки УЗМ
opory-osvescheniya,3,Круглоконические силовые опоры,https://dekart.tech/shop/opory-osvescheniya/silovye/kruglokonicheskie/,требует проверки УЗМ
opory-osvescheniya,4,ОКККВ,https://dekart.tech/shop/opory-osvescheniya/silovye/kruglokonicheskie/okkv/,требует проверки УЗМ
opory-osvescheniya,4,ОККС,https://dekart.tech/shop/opory-osvescheniya/silovye/kruglokonicheskie/okks/,требует проверки УЗМ
opory-osvescheniya,4,СФК,https://dekart.tech/shop/opory-osvescheniya/silovye/kruglokonicheskie/sfk/,требует проверки УЗМ
opory-osvescheniya,3,Трубчатые силовые опоры,https://dekart.tech/shop/opory-osvescheniya/silovye/trubchatye/,требует проверки УЗМ
opory-osvescheniya,4,СФ,https://dekart.tech/shop/opory-osvescheniya/silovye/trubchatye/opory_osveshcheniya_sf/,требует проверки УЗМ
opory-osvescheniya,3,Несиловые граненые опоры,https://dekart.tech/shop/opory-osvescheniya/nesilovye/granenye/,требует проверки УЗМ
opory-osvescheniya,4,ГФОО,https://dekart.tech/shop/opory-osvescheniya/nesilovye/granenye/gfoo/,требует проверки УЗМ
opory-osvescheniya,4,Клен,https://dekart.tech/shop/opory-osvescheniya/nesilovye/granenye/klen/,требует проверки УЗМ
opory-osvescheniya,4,МК-Г,https://dekart.tech/shop/opory-osvescheniya/nesilovye/granenye/mk_g/,требует проверки УЗМ
opory-osvescheniya,4,МК-Ф,https://dekart.tech/shop/opory-osvescheniya/nesilovye/granenye/mk_f/,требует проверки УЗМ
opory-osvescheniya,4,МНО-ПГ,https://dekart.tech/shop/opory-osvescheniya/nesilovye/granenye/mno-pg/,требует проверки УЗМ
opory-osvescheniya,4,МНО-ФГ,https://dekart.tech/shop/opory-osvescheniya/nesilovye/granenye/mno_fg/,требует проверки УЗМ
opory-osvescheniya,4,МО,https://dekart.tech/shop/opory-osvescheniya/nesilovye/granenye/mo/,требует проверки УЗМ
opory-osvescheniya,4,МОп,https://dekart.tech/shop/opory-osvescheniya/nesilovye/granenye/mop/,требует проверки УЗМ
opory-osvescheniya,4,НГ-П,https://dekart.tech/shop/opory-osvescheniya/nesilovye/granenye/ng-p/,требует проверки УЗМ
opory-osvescheniya,4,НГ-Ф,https://dekart.tech/shop/opory-osvescheniya/nesilovye/granenye/ng_f/,требует проверки УЗМ
opory-osvescheniya,4,НГП,https://dekart.tech/shop/opory-osvescheniya/nesilovye/granenye/ngp/,требует проверки УЗМ
opory-osvescheniya,4,НПГ,https://dekart.tech/shop/opory-osvescheniya/nesilovye/granenye/npg/,требует проверки УЗМ
opory-osvescheniya,4,НФГ,https://dekart.tech/shop/opory-osvescheniya/nesilovye/granenye/nfg/,требует проверки УЗМ
opory-osvescheniya,4,ОГК,https://dekart.tech/shop/opory-osvescheniya/nesilovye/granenye/ogk/,требует проверки УЗМ
opory-osvescheniya,4,ОГКл,https://dekart.tech/shop/opory-osvescheniya/nesilovye/granenye/ogkl/,требует проверки УЗМ
opory-osvescheniya,4,ОГКо,https://dekart.tech/shop/opory-osvescheniya/nesilovye/granenye/ogko/,требует проверки УЗМ
opory-osvescheniya,4,ОГКп,https://dekart.tech/shop/opory-osvescheniya/nesilovye/granenye/ogkp/,требует проверки УЗМ
opory-osvescheniya,4,ОГКу,https://dekart.tech/shop/opory-osvescheniya/nesilovye/granenye/ogku/,требует проверки УЗМ
opory-osvescheniya,4,ОГКф,https://dekart.tech/shop/opory-osvescheniya/nesilovye/granenye/ogkf/,требует проверки УЗМ
opory-osvescheniya,4,ОМГ,https://dekart.tech/shop/opory-osvescheniya/nesilovye/granenye/omg/,требует проверки УЗМ
opory-osvescheniya,4,ОНО,https://dekart.tech/shop/opory-osvescheniya/nesilovye/granenye/ono/,требует проверки УЗМ
opory-osvescheniya,4,ОПФГ,https://dekart.tech/shop/opory-osvescheniya/nesilovye/granenye/opfg/,требует проверки УЗМ
opory-osvescheniya,4,ОСГК,https://dekart.tech/shop/opory-osvescheniya/nesilovye/granenye/osgk/,требует проверки УЗМ
opory-osvescheniya,4,ОСГКп,https://dekart.tech/shop/opory-osvescheniya/nesilovye/granenye/osgkp/,требует проверки УЗМ
opory-osvescheniya,4,СТВ,https://dekart.tech/shop/opory-osvescheniya/nesilovye/granenye/stv/,требует проверки УЗМ
opory-osvescheniya,4,СТВп,https://dekart.tech/shop/opory-osvescheniya/nesilovye/granenye/stvp/,требует проверки УЗМ
opory-osvescheniya,4,ТАНС (НПГ),https://dekart.tech/shop/opory-osvescheniya/nesilovye/granenye/tans-npg/,требует проверки УЗМ
opory-osvescheniya,4,ТАНС (НФГ),https://dekart.tech/shop/opory-osvescheniya/nesilovye/granenye/tans-nfg/,требует проверки УЗМ
opory-osvescheniya,3,Несиловые круглоконические опоры,https://dekart.tech/shop/opory-osvescheniya/nesilovye/kruglokonicheskie/,требует проверки УЗМ
opory-osvescheniya,4,Бульвар,https://dekart.tech/shop/opory-osvescheniya/nesilovye/kruglokonicheskie/bulvar/,требует проверки УЗМ
opory-osvescheniya,4,МНО-ПК,https://dekart.tech/shop/opory-osvescheniya/nesilovye/kruglokonicheskie/mnopk/,требует проверки УЗМ
opory-osvescheniya,4,МНО-ФК,https://dekart.tech/shop/opory-osvescheniya/nesilovye/kruglokonicheskie/mno-fk/,требует проверки УЗМ
opory-osvescheniya,4,НК-П,https://dekart.tech/shop/opory-osvescheniya/nesilovye/kruglokonicheskie/nk-p/,требует проверки УЗМ
opory-osvescheniya,4,НК-Ф,https://dekart.tech/shop/opory-osvescheniya/nesilovye/kruglokonicheskie/nk-f/,требует проверки УЗМ
opory-osvescheniya,4,НПК,https://dekart.tech/shop/opory-osvescheniya/nesilovye/kruglokonicheskie/npk/,требует проверки УЗМ
opory-osvescheniya,4,НФК,https://dekart.tech/shop/opory-osvescheniya/nesilovye/kruglokonicheskie/nfk/,требует проверки УЗМ
opory-osvescheniya,4,ОКК,https://dekart.tech/shop/opory-osvescheniya/nesilovye/kruglokonicheskie/okk/,требует проверки УЗМ
opory-osvescheniya,4,ОККп,https://dekart.tech/shop/opory-osvescheniya/nesilovye/kruglokonicheskie/okkp/,требует проверки УЗМ
opory-osvescheniya,4,ОККСф,https://dekart.tech/shop/opory-osvescheniya/nesilovye/kruglokonicheskie/okksf/,требует проверки УЗМ
opory-osvescheniya,4,ОККф,https://dekart.tech/shop/opory-osvescheniya/nesilovye/kruglokonicheskie/okkf/,требует проверки УЗМ
opory-osvescheniya,4,ОМК,https://dekart.tech/shop/opory-osvescheniya/nesilovye/kruglokonicheskie/omk/,требует проверки УЗМ
opory-osvescheniya,4,ТАНС (НПК),https://dekart.tech/shop/opory-osvescheniya/nesilovye/kruglokonicheskie/tans-npk/,требует проверки УЗМ
opory-osvescheniya,4,ТАНС (НФК),https://dekart.tech/shop/opory-osvescheniya/nesilovye/kruglokonicheskie/tans-nfk/,требует проверки УЗМ
opory-osvescheniya,3,Несиловые трубчатые опоры,https://dekart.tech/shop/opory-osvescheniya/nesilovye/trubchatye/,требует проверки УЗМ
opory-osvescheniya,4,НФ,https://dekart.tech/shop/opory-osvescheniya/nesilovye/trubchatye/opory_osveshcheniya_nf/,требует проверки УЗМ
opory-osvescheniya,3,Складывающиеся граненые опоры,https://dekart.tech/shop/opory-osvescheniya/skladyvayuschiesya/granenye/,требует проверки УЗМ
opory-osvescheniya,4,МО-С,https://dekart.tech/shop/opory-osvescheniya/skladyvayuschiesya/granenye/mo-s/,требует проверки УЗМ
opory-osvescheniya,4,МТ-Ф,https://dekart.tech/shop/opory-osvescheniya/skladyvayuschiesya/granenye/mt-f/,требует проверки УЗМ
opory-osvescheniya,4,ОГККЗН,https://dekart.tech/shop/opory-osvescheniya/skladyvayuschiesya/granenye/ogkkzn/,требует проверки УЗМ
opory-osvescheniya,4,ОГКС,https://dekart.tech/shop/opory-osvescheniya/skladyvayuschiesya/granenye/ogks/,требует проверки УЗМ
opory-osvescheniya,4,ОГСКЛ,https://dekart.tech/shop/opory-osvescheniya/skladyvayuschiesya/granenye/ogskl/,требует проверки УЗМ
opory-osvescheniya,4,ОМКС,https://dekart.tech/shop/opory-osvescheniya/skladyvayuschiesya/granenye/omks/,требует проверки УЗМ
opory-osvescheniya,4,ОМСК,https://dekart.tech/shop/opory-osvescheniya/skladyvayuschiesya/granenye/omsk/,требует проверки УЗМ
opory-osvescheniya,4,СОФ,https://dekart.tech/shop/opory-osvescheniya/skladyvayuschiesya/granenye/sof/,требует проверки УЗМ
opory-osvescheniya,4,ТАНС (П-ФГ),https://dekart.tech/shop/opory-osvescheniya/skladyvayuschiesya/granenye/tans-p-fg/,требует проверки УЗМ
opory-osvescheniya,4,ТГ,https://dekart.tech/shop/opory-osvescheniya/skladyvayuschiesya/granenye/tg/,требует проверки УЗМ
opory-osvescheniya,3,Складывающиеся круглоконические опоры,https://dekart.tech/shop/opory-osvescheniya/skladyvayuschiesya/kruglokonicheskie/,требует проверки УЗМ
opory-osvescheniya,4,ОККС,https://dekart.tech/shop/opory-osvescheniya/skladyvayuschiesya/kruglokonicheskie/okks/,требует проверки УЗМ
opory-osvescheniya,4,ОСКК,https://dekart.tech/shop/opory-osvescheniya/skladyvayuschiesya/kruglokonicheskie/oskk/,требует проверки УЗМ
opory-osvescheniya,4,ТАНС (П-ФК),https://dekart.tech/shop/opory-osvescheniya/skladyvayuschiesya/kruglokonicheskie/tans-p-fk/,требует проверки УЗМ
opory-osvescheniya,3,Силовые граненые опоры освещения,https://dekart.tech/shop/opory-osvescheniya/granennye_opory_osveshcheniya/silovye_granenye_opory_osveshcheniya/,требует проверки УЗМ
opory-osvescheniya,3,Несиловые граненые опоры освещения,https://dekart.tech/shop/opory-osvescheniya/granennye_opory_osveshcheniya/nesilovye_granenye_opory_osveshcheniya/,требует проверки УЗМ
opory-osvescheniya,3,Силовые круглоконические опоры освещения,https://dekart.tech/shop/opory-osvescheniya/kruglokonicheskie_opory_osveshcheniya/silovye_kruglokonicheskie_opory_osveshcheniya/,требует проверки УЗМ
opory-osvescheniya,3,Несиловые круглоконические опоры освещения,https://dekart.tech/shop/opory-osvescheniya/kruglokonicheskie_opory_osveshcheniya/nesilovye_kruglokonicheskie_opory_osveshcheniya/,требует проверки УЗМ
opory-osvescheniya,3,Несиловые трубчатые опоры освещения,https://dekart.tech/shop/opory-osvescheniya/trubchatye_opory_osveshcheniya/nesilovye_trubchatye_opory_osveshcheniya/,требует проверки УЗМ
opory-osvescheniya,3,Силовые трубчатые опоры освещения,https://dekart.tech/shop/opory-osvescheniya/trubchatye_opory_osveshcheniya/silovye_trubchatye_opory_osveshcheniya_/,требует проверки УЗМ
opory-osvescheniya,2,Силовые опоры освещения,https://dekart.tech/shop/opory-osvescheniya/silovye/,требует проверки УЗМ
opory-osvescheniya,2,Несиловые опоры освещения,https://dekart.tech/shop/opory-osvescheniya/nesilovye/,требует проверки УЗМ
opory-osvescheniya,2,Складывающиеся опоры освещения,https://dekart.tech/shop/opory-osvescheniya/skladyvayuschiesya/,требует проверки УЗМ
opory-osvescheniya,2,Граненые опоры освещения,https://dekart.tech/shop/opory-osvescheniya/granennye_opory_osveshcheniya/,требует проверки УЗМ
opory-osvescheniya,2,Круглоконические опоры освещения,https://dekart.tech/shop/opory-osvescheniya/kruglokonicheskie_opory_osveshcheniya/,требует проверки УЗМ
opory-osvescheniya,2,Трубчатые опоры освещения,https://dekart.tech/shop/opory-osvescheniya/trubchatye_opory_osveshcheniya/,требует проверки УЗМ
machty-osvescheniya,2,Со стационарной короной,https://dekart.tech/shop/machty-osvescheniya/so-statsionarnoy-koronoy/,требует проверки УЗМ
machty-osvescheniya,2,МС-С,https://dekart.tech/shop/machty-osvescheniya/ms-s/,требует проверки УЗМ
machty-osvescheniya,2,МС-Т,https://dekart.tech/shop/machty-osvescheniya/ms-t/,требует проверки УЗМ
machty-osvescheniya,2,ОВМ,https://dekart.tech/shop/machty-osvescheniya/ovm/,требует проверки УЗМ
machty-osvescheniya,2,МС-Р,https://dekart.tech/shop/machty-osvescheniya/ms-r/,требует проверки УЗМ
machty-osvescheniya,2,МС-К,https://dekart.tech/shop/machty-osvescheniya/ms-k/,требует проверки УЗМ
machty-osvescheniya,2,ВОУ-СР,https://dekart.tech/shop/machty-osvescheniya/vou-sr/,требует проверки УЗМ
machty-osvescheniya,2,МГН,https://dekart.tech/shop/machty-osvescheniya/mgn/,требует проверки УЗМ
machty-osvescheniya,2,ПММ,https://dekart.tech/shop/machty-osvescheniya/pmm/,требует проверки УЗМ
machty-osvescheniya,2,СТПр,https://dekart.tech/shop/machty-osvescheniya/stpr/,требует проверки УЗМ
machty-osvescheniya,2,ВМОНТ,https://dekart.tech/shop/machty-osvescheniya/vmont/,требует проверки УЗМ
machty-osvescheniya,2,МССК ВКК,https://dekart.tech/shop/machty-osvescheniya/mssk-vkk/,требует проверки УЗМ
machty-osvescheniya,2,ПМ,https://dekart.tech/shop/machty-osvescheniya/pm/,требует проверки УЗМ
machty-osvescheniya,2,МГСК,https://dekart.tech/shop/machty-osvescheniya/mgsk/,требует проверки УЗМ
machty-osvescheniya,2,ОВС,https://dekart.tech/shop/machty-osvescheniya/ovs/,требует проверки УЗМ
machty-osvescheniya,2,МС,https://dekart.tech/shop/machty-osvescheniya/ms/,требует проверки УЗМ
machty-osvescheniya,2,ВС,https://dekart.tech/shop/machty-osvescheniya/vs/,требует проверки УЗМ
machty-osvescheniya,2,ВГН,https://dekart.tech/shop/machty-osvescheniya/vgn/,требует проверки УЗМ
machty-osvescheniya,2,МГФ-СР,https://dekart.tech/shop/machty-osvescheniya/mgf-sr/,требует проверки УЗМ
machty-osvescheniya,2,ВМОН,https://dekart.tech/shop/machty-osvescheniya/vmon/,требует проверки УЗМ
machty-osvescheniya,2,МГФ-С,https://dekart.tech/shop/machty-osvescheniya/mgf-s/,требует проверки УЗМ
machty-osvescheniya,2,С мобильной короной,https://dekart.tech/shop/machty-osvescheniya/s-mobilnoy-koronoy/,требует проверки УЗМ
machty-osvescheniya,2,ВМО,https://dekart.tech/shop/machty-osvescheniya/vmo/,требует проверки УЗМ
machty-osvescheniya,2,ММКПО,https://dekart.tech/shop/machty-osvescheniya/mmkpo/,требует проверки УЗМ
machty-osvescheniya,2,ММК,https://dekart.tech/shop/machty-osvescheniya/mmk/,требует проверки УЗМ
machty-osvescheniya,2,ВМК,https://dekart.tech/shop/machty-osvescheniya/vmk/,требует проверки УЗМ
machty-osvescheniya,2,ВМ,https://dekart.tech/shop/machty-osvescheniya/vm/,требует проверки УЗМ
machty-osvescheniya,2,ПМО,https://dekart.tech/shop/machty-osvescheniya/pmo/,требует проверки УЗМ
machty-osvescheniya,2,ВОУ,https://dekart.tech/shop/machty-osvescheniya/vou/,требует проверки УЗМ
machty-osvescheniya,2,МГФ-М,https://dekart.tech/shop/machty-osvescheniya/mgf-m/,требует проверки УЗМ
machty-osvescheniya,2,ВГМ,https://dekart.tech/shop/machty-osvescheniya/vgm/,требует проверки УЗМ
machty-osvescheniya,2,МГФ,https://dekart.tech/shop/machty-osvescheniya/mgf/,требует проверки УЗМ
machty-osvescheniya,2,МГМ,https://dekart.tech/shop/machty-osvescheniya/mgm/,требует проверки УЗМ
machty-osvescheniya,2,ММ,https://dekart.tech/shop/machty-osvescheniya/mm/,требует проверки УЗМ
machty-osvescheniya,2,МПО,https://dekart.tech/shop/machty-osvescheniya/mpo/,требует проверки УЗМ
dekorativnye-opory,2,Т-образные парковые опоры,https://dekart.tech/shop/dekorativnye-opory/tver/,требует проверки УЗМ
dekorativnye-opory,2,Г-образные парковые опоры,https://dekart.tech/shop/dekorativnye-opory/tver_aragon/,требует проверки УЗМ
dekorativnye-opory,2,Декоративные опоры освещения,https://dekart.tech/shop/dekorativnye-opory/tver_gala/,требует проверки УЗМ
zhd-opory-kontaktnoy-seti,2,Из гнутого швеллера,https://dekart.tech/shop/zhd-opory-kontaktnoy-seti/iz-gnutogo-shvellera/,требует проверки УЗМ
zhd-opory-kontaktnoy-seti,2,Консольные,https://dekart.tech/shop/zhd-opory-kontaktnoy-seti/konsolnye/,требует проверки УЗМ
zhd-opory-kontaktnoy-seti,2,Поперечные,https://dekart.tech/shop/zhd-opory-kontaktnoy-seti/poperechnye/,требует проверки УЗМ
zhd-opory-kontaktnoy-seti,2,МГК,https://dekart.tech/shop/zhd-opory-kontaktnoy-seti/mgk/,требует проверки УЗМ
zhd-opory-kontaktnoy-seti,2,МГП,https://dekart.tech/shop/zhd-opory-kontaktnoy-seti/mgp/,требует проверки УЗМ
zhd-opory-kontaktnoy-seti,2,МГТГ,https://dekart.tech/shop/zhd-opory-kontaktnoy-seti/mgtg/,требует проверки УЗМ
zhd-opory-kontaktnoy-seti,2,МШК,https://dekart.tech/shop/zhd-opory-kontaktnoy-seti/mshk/,требует проверки УЗМ
zhd-opory-kontaktnoy-seti,2,МШП,https://dekart.tech/shop/zhd-opory-kontaktnoy-seti/mshp/,требует проверки УЗМ
zhd-opory-kontaktnoy-seti,2,МШТШ,https://dekart.tech/shop/zhd-opory-kontaktnoy-seti/mshtsh/,требует проверки УЗМ
machty-sotovoy-svyazi,2,Опора двойного назначения,https://dekart.tech/shop/machty-sotovoy-svyazi/opora-dvoynogo-naznacheniya/,требует проверки УЗМ
machty-sotovoy-svyazi,2,Радиорелейной связи,https://dekart.tech/shop/machty-sotovoy-svyazi/radioreleynoy-svyazi/,требует проверки УЗМ
machty-sotovoy-svyazi,2,МР,https://dekart.tech/shop/machty-sotovoy-svyazi/mr/,требует проверки УЗМ
machty-sotovoy-svyazi,2,ОДН,https://dekart.tech/shop/machty-sotovoy-svyazi/odn/,требует проверки УЗМ
machty-sotovoy-svyazi,2,ОСС,https://dekart.tech/shop/machty-sotovoy-svyazi/oss/,требует проверки УЗМ
machty-sotovoy-svyazi,2,РМГ,https://dekart.tech/shop/machty-sotovoy-svyazi/rmg/,требует проверки УЗМ
machty-sotovoy-svyazi,2,РРЛ,https://dekart.tech/shop/machty-sotovoy-svyazi/rrl/,требует проверки УЗМ
opory-lep,2,Опоры ЛЭП решетчатые,https://dekart.tech/shop/opory-lep/lep-iz-ugolka/,требует проверки УЗМ
opory-lep,2,Многогранные опоры ЛЭП,https://dekart.tech/shop/opory-lep/mnogogrannye-opory-lep/,требует проверки УЗМ
opory-lep,2,Опоры ЛЭП из стальных труб,https://dekart.tech/shop/opory-lep/lep-iz-stalnykh-trub/,требует проверки УЗМ
svetofornye-opory,2,ОГСГ,https://dekart.tech/shop/svetofornye-opory/ogsg/,требует проверки УЗМ
svetofornye-opory,2,ОКСГ,https://dekart.tech/shop/svetofornye-opory/oksg/,требует проверки УЗМ
svetofornye-opory,2,ОСФГ,https://dekart.tech/shop/svetofornye-opory/osfg/,требует проверки УЗМ
svetofornye-opory,2,СОДГ,https://dekart.tech/shop/svetofornye-opory/sodg/,требует проверки УЗМ
svetofornye-opory,2,СС,https://dekart.tech/shop/svetofornye-opory/ss/,требует проверки УЗМ
prozhektornye-machty,2,МО,https://dekart.tech/shop/prozhektornye-machty/mo/,требует проверки УЗМ
prozhektornye-machty,2,ПМС,https://dekart.tech/shop/prozhektornye-machty/pms/,требует проверки УЗМ
prozhektornye-machty,2,Н,https://dekart.tech/shop/prozhektornye-machty/n/,требует проверки УЗМ
molnieotvody,2,ММО,https://dekart.tech/shop/molnieotvody/mmo/,требует проверки УЗМ
molnieotvody,2,МО,https://dekart.tech/shop/molnieotvody/mo/,требует проверки УЗМ
molnieotvody,2,МОГК,https://dekart.tech/shop/molnieotvody/mogk/,требует проверки УЗМ
molnieotvody,2,ОММ,https://dekart.tech/shop/molnieotvody/omm/,требует проверки УЗМ
kronshteyny,2,Радиусные кронштейны,https://dekart.tech/shop/kronshteyny/radiusnye/,требует проверки УЗМ
kronshteyny,2,Векторные кронштейны,https://dekart.tech/shop/kronshteyny/vektornye/,требует проверки УЗМ
kronshteyny,2,Однорожковые кронштейны,https://dekart.tech/shop/kronshteyny/odnorozhkovye/,требует проверки УЗМ
kronshteyny,2,Двухрожковые кронштейны,https://dekart.tech/shop/kronshteyny/dvukhrozhkovye/,требует проверки УЗМ
kronshteyny,2,Трехрожковые кронштейны,https://dekart.tech/shop/kronshteyny/trekhrozhkovye/,требует проверки УЗМ
kronshteyny,2,Четырехрожковые кронштейны,https://dekart.tech/shop/kronshteyny/chetyrekhrozhkovye/,требует проверки УЗМ
opory-kontaktnoy-seti,2,КС-МСО-ФГ,https://dekart.tech/shop/opory-kontaktnoy-seti/ks-mso-fg/,требует проверки УЗМ
opory-kontaktnoy-seti,2,КСГ-П,https://dekart.tech/shop/opory-kontaktnoy-seti/ksg-p/,требует проверки УЗМ
opory-kontaktnoy-seti,2,КСГ-Ф,https://dekart.tech/shop/opory-kontaktnoy-seti/ksg-f/,требует проверки УЗМ
opory-kontaktnoy-seti,2,МКС-П,https://dekart.tech/shop/opory-kontaktnoy-seti/mks-p/,требует проверки УЗМ
opory-kontaktnoy-seti,2,МКСф,https://dekart.tech/shop/opory-kontaktnoy-seti/mksf/,требует проверки УЗМ
opory-kontaktnoy-seti,2,ОГКС,https://dekart.tech/shop/opory-kontaktnoy-seti/ogks/,требует проверки УЗМ
opory-kontaktnoy-seti,2,ОГСКС,https://dekart.tech/shop/opory-kontaktnoy-seti/ogsks/,требует проверки УЗМ
opory-kontaktnoy-seti,2,ОКККС,https://dekart.tech/shop/opory-kontaktnoy-seti/okkks/,требует проверки УЗМ
opory-kontaktnoy-seti,2,ОКСГф,https://dekart.tech/shop/opory-kontaktnoy-seti/oksgf/,требует проверки УЗМ
opory-kontaktnoy-seti,2,ТАНС (ТФГ),https://dekart.tech/shop/opory-kontaktnoy-seti/tans-tfg/,требует проверки УЗМ
opory-kontaktnoy-seti,2,ТФГ,https://dekart.tech/shop/opory-kontaktnoy-seti/tfg/,требует проверки УЗМ
svai,2,Буроопускные сваи,https://dekart.tech/shop/svai/buroopusknaya_svaya/,требует проверки УЗМ
svai,2,Винтовые сваи двухлопастные,https://dekart.tech/shop/svai/vintovaya_svaya_dvukhlopastnaya/,требует проверки УЗМ
svai,2,Винтовые сваи для мерзлых грунтов,https://dekart.tech/shop/svai/vintovaya_svaya_dlya_merzlykh_gruntov/,требует проверки УЗМ
svai,2,Винтовые сваи для опор ЛЭП,https://dekart.tech/shop/svai/vintovaya_svaya_dlya_opor_lep/,требует проверки УЗМ
svai,2,Винтовые сваи-шурупы,https://dekart.tech/shop/svai/vintovaya_svaya_shurup/,требует проверки УЗМ
svai,2,Лопастные винтовые сваи,https://dekart.tech/shop/svai/lopastnaya-vintovaya-svaya/,требует проверки УЗМ
svai,2,Сваи с муфтовым соединением,https://dekart.tech/shop/svai/svaya-s-muftovym-soedineniem/,требует проверки УЗМ
svai,2,Трехлопастные винтовые сваи,https://dekart.tech/shop/svai/trekhlopastnaya_vintovaya_svaya/,требует проверки УЗМ
svai,2,Удлинители сваи,https://dekart.tech/shop/svai/udlinitel_svai/,требует проверки УЗМ
opory-dlya-dorozhnykh-znakov,2,Г-образные рамные опоры РМГ,https://dekart.tech/shop/opory-dlya-dorozhnykh-znakov/rmg/,требует проверки УЗМ
opory-dlya-dorozhnykh-znakov,2,П-образные рамные опоры РМП,https://dekart.tech/shop/opory-dlya-dorozhnykh-znakov/rmp/,требует проверки УЗМ
opory-dlya-dorozhnykh-znakov,2,Т-образные рамные опоры РМТ,https://dekart.tech/shop/opory-dlya-dorozhnykh-znakov/rmt/,требует проверки УЗМ
